sql5908,Damon Jones,THON R&R Fundraising Safety
meo14,Miguel Tucker,THON Entertainment
ejm5882,Barbara Russo,THON R&R Fundraising Safety
gzt5128,Kathleen Jackson,THON Dancer Relations
khc5108,Joseph Foster,*Executive Committee
nlg29,Troy Mcdonald,THON Technology
llp5210,Glenn Ward PhD,THON Communications
cqo5133,Nicholas Sharp,THON Dancer Relations
wmv5027,Christian Lewis,THON Donor & Alumni Relations Alumni Engagement
cjk5872,Lauren Pratt,THON Entertainment
cac6538,Jeffrey Cannon,THON Family Relations
blb5850,James Harris,THON Finance
nmp5392,Sarah Williams,THON Hospitality
jfk5571,Dillon Keith,THON Merchandise
fji5015,Lisa Scott,THON OPPerations
tks5410,Edward King,THON R&R Event Safety
csm5538,Matthew Carter,THON R&R Fundraising Safety
jvs6630,Nancy Chapman,THON Supply Logistics
npm5297,William Villarreal,THON Public Relations
amb8264,Joshua Jones,THON Special Events
alc6141,Robert Blair,THON Donor & Alumni Relations Development
kew5571,Tara Meyer,THON R&R Fundraising Safety
opm5068,John Reilly,THON R&R Fundraising Safety
ges5315,Jason Hays,THON R&R Fundraising Safety
jmh7503,Stacey Kelly,THON R&R Fundraising Safety
jmr7537,Maureen Smith,THON R&R Fundraising Safety
lag57,Megan Reed,THON R&R Fundraising Safety
ekk5209,Corey Young,THON R&R Fundraising Safety
drw5477,Sally Jensen,THON R&R Fundraising Safety
mzk87,Gary Smith,THON R&R Fundraising Safety
npa5147,Mrs. Cindy Riley,THON R&R Fundraising Safety
iqp5070,Katie Armstrong,THON Finance
kdc5355,Lisa Brown,THON Finance
jma6277,Heidi Sanders,THON Technology
mem6640,Timothy Gordon,THON Technology
acn5203,Joseph Brooks,THON Technology
sqs6805,James Brown,THON Technology
afs5821,Devin Hayes,THON OPPerations
aac5773,Amanda Welch,THON OPPerations
meg558,Joshua Johnson,THON OPPerations
hmp22,Lisa Huffman,THON OPPerations
rlh5755,Stephen Baker,THON Hospitality
axf5403,Anita Crosby,THON Hospitality
mlf5523,Daisy Kim,THON Hospitality
jmb8188,Nicole Vazquez,THON Hospitality
les5774,Dustin Gordon,THON Hospitality
adh5576,James Thomas,THON Hospitality
ems6414,William Rogers,THON Hospitality
jpr307,George Roach,THON Hospitality
smc6848,Valerie Donaldson,THON Entertainment
aec5671,Adam Russell,THON Entertainment
aep5388,Lisa Sims,THON Entertainment
jqm6252,Jessica Ayala,THON Entertainment
ccs5474,Kenneth Aguirre,THON Entertainment
ent5062,William Barker,THON Entertainment
jrk5792,Linda Taylor,THON Entertainment
pfb5127,Justin Miller,THON Entertainment
jss5989,Michael Gutierrez,THON Entertainment
reo5091,Christopher Perez,THON Entertainment
gck5063,Stephen Jones,THON Entertainment
tvn5039,Michael Garrett,THON R&R Event Safety
jem6355,Charles Cannon,THON R&R Event Safety
arw5734,David Anderson,THON R&R Event Safety
kme5444,Deanna Barrett,THON Public Relations
jfg5487,Hunter Anderson,THON Public Relations
lam6360,Todd Gomez,THON Public Relations
ktm5286,Jason Lyons,THON Public Relations
pmt8,Kathryn Robinson,THON Public Relations
hcb5130,Nicholas Mckay,THON Public Relations
adb5841,Mr. Ryan Johnson,THON Public Relations
sjs6844,Lindsay Kirk,THON Public Relations
mth5398,Nicole Hughes,THON Public Relations
aat5284,John Curtis,THON Public Relations
med5879,Walter Davis,THON Public Relations
anr5529,Jessica Wood,THON Public Relations
hvk5356,Kari Mitchell,THON Dancer Relations
brg16,Jessica Dixon,THON Dancer Relations
rcs5560,Cindy Davidson,THON Dancer Relations
kal5995,Mr. Ryan Hernandez,THON R&R Fundraising Safety
cgh5165,Wesley Gonzalez,THON R&R Fundraising Safety
aas5974,Travis Hayes,THON R&R Fundraising Safety
lrk5230,Danielle Taylor,THON R&R Fundraising Safety
mfm6002,Thomas Carey,THON R&R Fundraising Safety
jfp5556,Joshua Cobb,THON R&R Fundraising Safety
hjt5146,Christopher Peterson,THON R&R Fundraising Safety
jsj5246,Wanda Cummings,THON Technology
ggp5037,Isabel Perez,THON OPPerations
sqm6177,Christopher Davis,THON OPPerations
mmh6059,Mr. John Williams,THON OPPerations
sja5686,Jeremy Hamilton,THON OPPerations
bpk140,William Fields,THON OPPerations
oxb5059,Katherine Parker,THON OPPerations
hzb5194,Taylor Murphy,THON OPPerations
ceb5874,Nicholas Anderson,THON OPPerations
cph5463,Tammy Williams,THON OPPerations
ona5021,Elaine Stanley,THON OPPerations
rjb89,Chelsea Harris,THON OPPerations
emo5303,John Williamson,THON OPPerations
rpu5029,James Villanueva,THON OPPerations
trb46,Emily Hoffman,THON OPPerations
ejk5511,Dawn Smith,THON OPPerations
egs5185,Elizabeth Martin,THON OPPerations
eeh5307,Taylor Lopez,THON OPPerations
nro5045,Jesse Washington,THON Hospitality
elw5318,James Smith,THON Hospitality
cab6627,Christopher Thornton,THON Hospitality
srw5460,Stacey King,THON Hospitality
ajp6414,Louis Stephens,THON Hospitality
mlr5762,Lucas Turner,THON Hospitality
sat5601,Christina Maxwell,THON Hospitality
mfo5171,Brian Davis,THON Hospitality
nvc5307,Tracey Stanley,THON Hospitality
tqm5523,Christopher Valdez,THON Hospitality
ljh5556,Gwendolyn Hester,THON Hospitality
nmk5539,Brian Day,THON Hospitality
jfs6382,Erin Combs,THON Entertainment
sar5884,Cory Wilkinson,THON Entertainment
jpb6154,James Morales,THON Entertainment
jcc5890,John Moore,THON Entertainment
heg5123,David Parker,THON Entertainment
mjc6835,Jennifer Robbins,THON Entertainment
mem6675,Christopher Thomas,THON Entertainment
rjr5774,Laura Butler,THON Entertainment
pvp5313,Andrew Suarez,THON Entertainment
bxa5223,Vanessa Powell,THON Entertainment
scp5284,Kristina Bryant,THON Entertainment
jld6251,Paul Gray,THON Entertainment
lap5649,Phillip Martinez,THON Entertainment
mko5172,Brandon Howard,THON Entertainment
sam7180,Linda Weaver,THON R&R Event Safety
ljb5741,Holly Padilla,THON R&R Event Safety
mjm7858,Kyle Everett,THON R&R Event Safety
avj5357,David Walter,THON R&R Event Safety
kmg6238,Peter Ford,THON R&R Event Safety
wws5197,Jennifer Ferguson,THON R&R Event Safety
mes6491,Seth Ware,THON R&R Event Safety
mbs6155,Daniel Newton,THON R&R Event Safety
hgg5043,Michael Duran,THON R&R Event Safety
kat5723,Sandra Gardner,THON R&R Event Safety
sqg5619,Kathy Cain,THON R&R Event Safety
aqr5709,Andrew Casey,THON R&R Event Safety
pkm5170,Susan Peterson,THON R&R Event Safety
aab453,Brittany Burns,THON R&R Event Safety
trk5233,Tanya Little,THON R&R Event Safety
njp5503,Aaron Jones,THON R&R Event Safety
zjc5181,Nathaniel Jones,THON Public Relations
kaw6183,Craig Hawkins,THON Public Relations
avo5273,Amanda Lutz,THON Public Relations
ize5034,Rebecca Lynch,THON Public Relations
csr66,Jeremy Gibson,THON Public Relations
pwo5051,Taylor Hernandez,THON Public Relations
rjm6483,Matthew Bullock,THON Public Relations
bss5470,Ronald Martin,THON Public Relations
rza5350,Briana Kelly,THON Public Relations
aeg5583,Thomas Ramirez,THON Public Relations
tto5015,Micheal Stewart,THON Public Relations
ehk5076,Mark Chen,THON Public Relations
srb5724,Alan Adams,THON Public Relations
tvb5452,Kathleen Gregory MD,THON Public Relations
hrs5230,Joanna Delgado,THON Dancer Relations
mjw6197,Lindsay Garcia,THON Dancer Relations
hkw5180,Dillon Moss,THON Dancer Relations
amn5741,Alan Boyd,THON Dancer Relations
crm6009,Jennifer Juarez,THON Dancer Relations
bdl5202,Trevor Miller,THON Dancer Relations
jme5646,Deanna Bennett,THON Dancer Relations
ncy5022,Melissa Johnson,THON Dancer Relations
evb5452,Amanda Barrett,THON Dancer Relations
mmh6228,Anita Moore,THON Dancer Relations
rmm5976,Charles Willis,THON Dancer Relations
cfh5312,Timothy Hebert,THON Dancer Relations
cfb5395,Miss April Morrison,THON Dancer Relations
lpc5267,Tammy Brown,THON Dancer Relations
gsn6,Daniel Fletcher,THON Dancer Relations
jwm6402,Patrick Turner,THON Dancer Relations
jmp6888,Katie Alexander,THON Dancer Relations
arm6181,Steven Rogers DDS,THON Dancer Relations
kjb6226,John Robinson,THON Dancer Relations
jvr5804,Barbara Goodwin,THON Dancer Relations
